repo	size_kb	files	class	mac	hll	vg	coin65	top_extensions
7kaa	1548	492	modern-c	0				CPP:273,H:159,ASM:45,PL:6,INC:3
AOTMC89	612	11	other	0				BIN:3,ASM:2,MD:1,EXE:1,BAT:1
AberMUD	130	61	modern-c	0				C:52,H:6,30:1,MD:1
AmuletsArmor	161147	903	modern-c	0				HTML:205,H:186,C:106,FRM:39,SRP:31
BOB_Src	236272	2472	modern-c	0				H:660,CPP:464,BFI:403,TXT:88,BMP:83
Chris_Crawford_games	6799	1674	other-asm	0				MASK:166,P:94,RTF:30,ATR:18,DS_STORE:16
Civil-War-Strategy-Game	12380	143	other	0				BAS:91,TXT:11,VGA:10,MD:5,DAT:2
CnC_Remastered_Collection	3451	1046	modern-c	0				CPP:494,H:477,INC:29,ASM:27,RC:4
CrazeeRiderBBC	216	192	other	0				INF:62,6502:29,DOWN:3,KERB:3,KERBGRA:3
CrazeeRiderElectron	59	64	other-asm	0				ASM:29,MAK:2,SSD:1,MD:1,TXT:1
DRGNSRC	220	25	other-asm	0				ASM:24,TXT:1
Darwinia-and-Multiwinia-Source-Code	176988	10813	modern-c	0				OGG:2286,H:1703,CPP:962,C:662,BMP:654
DeluxePaint	3673	95	modern-c	0				C:77,H:11,PDF:2,MD:1,TXT:1
Descent3	20976	1266	modern-c	0				CPP:438,H:392,MSG:127,TXT:60,STR:56
FortApocalypse	3873	32	other-asm	0				S:11,AIFF:6,GIF:2,1N:1,1P:1
GW-BASIC	332	46	other-asm	0				ASM:35,MD:4,H:3
Galaforce1BBC	39	43	other-asm	0				ASM:28,MAK:2,SSD:1,MD:1,TXT:1
Galaforce1Electron	40	42	other-asm	0				ASM:29,MAK:2,SSD:1,MD:1,TXT:1
GloomAmiga	5971	1019	other-asm	0				INFO:180,BIN:134,IFF:95,XTRA:49,BB2:48
MS-DOS	875	221	other-asm	0				ASM:107,MD:22,COM:22,TXT:14,BAS:13
Meridian59	144665	5872	modern-c	0				KOD:1246,BBG:1150,H:786,CPP:430,C:425
SBSPSS	242804	20755	modern-c	0				BMP:15768,MAX:1208,GIN:734,H:542,CPP:490
Serious-Engine	93702	5912	modern-c	0				H:2438,INI:1466,CPP:479,ES:149,BMP:77
Spacewar	155	23	other	1				44:1,SPCWAR:1,MD:1,SAI[SW,BGB]:1,MAC:1
TreadMarks	137860	3377	modern-c	0				LWO:955,BMP:745,ENT:594,LUV:359,WAV:154
VVVVVV	5794	3168	modern-c	0				TXT:2779,PNG:80,CPP:49,H:49,AS:36
abuse	1727	996	modern-c	0				C:453,HPP:300,H:25,LSP:24,SPE:12
abyss	470	104	infocom	0				ZAP:28,ZABSTR:24,ZIL:22,LBM:12,Z6:1
actuasoccer96	11860	432	modern-c	0				OBJ:122,H:101,CPP:45,LIB:29,BAT:15
agi-utilities	227	48	other	0				EXE:21,OVL:19,COM:2,MD:1
akalabeth	122	24	other	0				GIF:20,TXT:3,1ST:1
alienbashii	7032	1958	modern-c	0				INFO:467,S:358,BIN:239,IFF:74,PIC:18
alienbreed3dii	16735	3126	other-asm	0				OBJ:385,S:285,INFO:222,IFF:204,BIN:134
allegiance	495350	7965	modern-c	0				BMP:3074,WAV:1080,X:712,H:664,CPP:553
ambermoon	628	501	other-asm	0				TXT:443,S:40,ORD:7,MD:1,RAW:1
amberstar	1361	188	other-asm	0				ASM:42,IS:42,O:15,ICN:13,IMG:11
amfv	871	31	infocom	0				ZAP:12,ZIL:10,XZAP:2,Z4:1,MD:1
aof	514	251	other-asm	0				SRC:131,INC:23,PAB:17,PBB:17,PCB:17
aquaplus-sources	5640	901	modern-c	0				H:233,HTML:140,CPP:125,C:82,ASM:32
arabian	62	11	other	0				ROM:8,DAT:1,DOC:1
area51	343388	7496	modern-c	0				CPP:1455,H:1117,HPP:1079,HTML:698,SBR:297
arthur	279	46	infocom	0				ZIL:45,MD:1
arxfatalis	1883	347	modern-c	0				H:145,CPP:116,BMP:15,DSP:10,ICO:10
asteroids	40	16	other	0			yes	XX:8,1A:1,1B:1,1C:1,1D:1
asteroids-7800	188	27	other-asm	0				S:24,O:2,IMG:1
asteroids-cocktail	43	17	other	0			yes	XX:6,1A:2,DOC:2,1B:1,1C:1
asteroids-deluxe	110	56	atari-coinop-MAC	23			yes	MAC:23,01:8,02:5,ROM:4,03:2
atari-coin-op-assembler	2520	225	atari-coinop-MAC	67			yes	MAC:67,OBJ:30,SAV:24,SYS:8,M65:7
avalanche	10	4	other	0				XX:1,DOC:1,MAP:1
avp	2230	555	modern-c	0				H:174,C:142,CPP:119,HPP:82,TXT:8
ballyhoo	306	27	infocom	0				ZIL:11,TXT:3,Z3:2,ZIP:2,MD:1
baseball	45	10	other	0				XX:2,1A:1,1B:1,1C:1,DOC:1
basketball	47	14	other	0				ROM:3,XX:2,1A:1,1B:1,1C:1
bass	387	137	other-asm	0				INC:78,ASM:48,CPP:4,HPP:2,RST:1
battlezone	104	34	atari-coinop-MAC	11		VGMC.MAC,VGUT.MAC	yes	MAC:11,01:7,SAV:3,COM:3,DOC:3
beyondzork	1136	48	infocom	0				ZIL:14,ZAP:14,Z5:3,ZIP:3,CHART:2
bilestoad-apple2	336	35	other	0				TXT:30,DSK:2,MD:1
black-widow	152	30	atari-coinop-MAC	23	HLL65F.MAC	VGMC16.MAC,VGUT16.MAC	yes	MAC:23,COM:2,DAT:1,DOC:1,LDA:1
blood	386	144	modern-c	0				CPP:70,H:46,TXT:10,BTM:6,RFS:6
blood2	1548	635	modern-c	0				H:356,CPP:245,DSP:4,BMP:4,TXT:4
borderzone	455	37	infocom	0				ZIL:15,ZABSTR:14,Z5:1,MD:1,PRE:1
bureaucracy	533	55	infocom	0				ZIL:37,TXT:3,FILE:2,Z4:1,MD:1
canabaltios	12098	490	modern-c	0				PNG:260,H:64,M:63,MP3:37,CAF:31
canyon-bomber	13	10	other	1				RBN:4,XX:3,DIR:1,MAC:1
carnivores2	140	25	modern-c	0				CPP:13,H:4,MAK:1,PLG:1,DSP:1
carnivoresiceage	469	30	modern-c	0				CPP:13,H:3,REN:3,SAV:2,MAK:1
cartlife_src	144198	293	other	0				OGG:76,WAV:62,ASC:47,CRM:40,TTF:10
cat-box	11	6	other	1				101:1,COM:1,DOC:1,MAC:1,MAP:1
catacomb	201	18	other	0				PAS:8,OBJ:5,ASM:2,BAT:1,MD:1
catacomb3d	316	52	modern-c	0				C:19,H:13,ASM:8,OBJ:6,EQU:2
catacombabyss	389	56	modern-c	0				C:20,H:15,ASM:8,OBJ:7,EQU:2
catacombapocalypse	512	66	modern-c	0				C:28,H:20,ASM:8,OBJ:5,EQU:2
catacombarmageddon	478	66	modern-c	0				C:28,H:20,ASM:8,OBJ:5,EQU:2
centipede	89	61	atari-coinop-MAC	24			yes	MAC:24,COM:4,MAP:4,DOC:3,101:1
centipede-7800	148	25	other-asm	0				S:25
checkpoint	696	80	infocom	0				ZAP:18,ZIL:18,CMP:14,MSS:3,MD:2
cocktail-lunar-lander	55	14	other	0				XX:4,1A:2,1B:2,1C:2,1D:1
colossalcaveadventure	134	4	other	0				DAT:1,FOR:1,MIC:1,README:1
commando-7800	488	683	other-asm	0				S:523,DEF:78,PRG:20,BAS:16,TTP:6
copsandrobbers	13	17	other	1				RBN:11,X1:1,X2:1,DIR:1,MAP:1
crossbow-7800	308	221	other-asm	0				S:201,BAT:12,TTP:3,ZBA:2,DOC:1
cruisin-usa	461	170	other-asm	0				ASM:70,EQU:25,GEO:16,PTG:16,TGA:10
crystal-castles	229	158	atari-coinop-MAC	96	HLL65F.MAC			MAC:96,DAT:35,LDA:17,DOC:3,RS4:2
cutthroats	404	43	infocom	0				ZIL:16,ZAP:16,MSS:2,XZAP:2,Z3:1
darkreign2	18979	10690	modern-c	0				SVN-BASE:3316,H:3102,CPP:2300,C:278,DSP:128
deadline	268	25	infocom	0				ZIL:12,XZAP:3,Z3:2,ZIP:2,MD:1
deadlythirdcombat	52613	630	other	0				IMG:266,VDA:92,BIN:66,TGA:57,BDB:47
defender	70	12	other-asm	0				SRC:12
defender-1	743	26	other-asm	0				SRC:13,PY:2,PNG:2,MD:1,JPG:1
descent	1737	907	modern-c	0				H:330,C:311,ERR:106,ASM:66,INC:17
descent2	1563	568	atari-coinop-MAC	4				C:225,H:151,BAT:50,ASM:47,INC:11
destroyer	15	11	other	0				ROM:6,XX:2,DOC:1,MAP:1
dig-dug	68	37	other	0				ROM:31,DAT:2,DOC:2
digdug-7800	200	17	other-asm	0				S:17
dominos	10	8	other	0				RBN:4,XX:1,DIR:1,MAP:1
dominos4	11	8	other	0				RBN:4,XX:1,DIR:1,MAP:1
donald-ducks-playground	329	325	other	0				CG:36,MSG:24,OVL:14,BAT:8,COM:6
doom	630	170	modern-c	0				H:74,C:72,TXT:3,10:1,ASM:1
doom3	6468	2320	modern-c	0				H:654,CPP:563,C:170,HTML:47,PDF:40
doom3bfg	12618	1158	modern-c	0				CPP:532,H:429,PIXEL:44,VERTEX:44,C:14
doomios	11664	680	modern-c	0				SVN-BASE:268,H:138,C:137,M:17,INL:8
doomios2	12557	887	modern-c	0				H:266,C:222,XCUSERDATAD:28,XIB:24,MM:24
dragrace	18	12	other	0				RBN:8,XX:1,DIR:1,MAP:1
dukenukem3d	2804	425	modern-c	0				H:163,C:101,OBJ:64,TXT:18,ASM:11
edfries-anteater	140	10	other-asm	0				SRC:6,MD:1,JPG:1,XFD:1
edfries-chess	64	16	other-asm	0				SRC:13,MD:1,XFD:1
edfries-frog	123	9	other-asm	0				SRC:4,MD:1,JPG:1,XFD:1,TXT:1
edfries-nitro	73	14	other-asm	0				SRC:11,MD:1,XFD:1
edfries-seachase	193	11	other-asm	0				SRC:6,MD:1,JPG:1,XFD:1,PDF:1
enchanter	487	71	infocom	0				ZIL:27,ZAP:25,XZAP:3,Z3:2,MD:1
enemyterritory	5405	1411	modern-c	0				C:456,H:300,HTML:46,PDF:44,3:42
fast-freddie	40	24	other	0				ROM:12,XXX:9,DAT:1,DOC:1
fire-truck	23	10	other	0				XX:6,DOC:2,MAP:1
flyball	15	10	other	0				RBN:6,XX:1,DIR:1,MAP:1
food-fight	147	41	other	0				ROM:20,LDA:8,DOC:5,DAT:4
food-fight-cocktail	42	11	other	0				LDA:8,DAT:1,DOC:1
foodfight-7800	212	41	other-asm	0				S:40,L:1
football	41	14	other	0				XX:2,ROM:2,2C:2,1A:1,1B:1
football-4-player	47	12	other	0			yes	XX:3,ROM:1,1A:1,1B:1,1C:1
football-ii-retrofit	38	9	other	0			yes	XX:2,1A:1,1B:1,1C:1,1D:1
forsaken	16757	214	modern-c	0				C:107,H:77,LUA:14,CPP:2,TXT:1
freespace2	3866	818	modern-c	0				CPP:330,H:317,BMP:41,DSP:11,PLG:10
freesynd	17336	1603	modern-c	0				H:599,CPP:420,PNG:105,CC:54,TXT:29
frenzy	74	35	other-asm	0				ASM:32,MD:1,TEL:1
galaga-7800	156	15	other-asm	0				S:15
gish	289	127	modern-c	0				H:59,C:58,TXT:1
glider_4	2611	106	other	0				GLIDE:26,P:23,TXT:12,BIN:6,R:3
glider_pro	30439	139	modern-c	0				C:67,H:26,BINHEX:22,MOV:15,MD:2
glypha_III	1237	17	modern-c	0				C:9,PROJECT:2,TXT:1,R:1,MD:1
golgotha	0	3627	modern-c	0				GTX:1136,CC:574,GMOD:524,HH:432,H:288
gravitar	205	80	atari-coinop-MAC	53	HLL65.MAC,HLL65F.MAC	VGAN.MAC,VGMC.MAC,VGUT.MAC	yes	MAC:53,LDA:7,COM:5,DAT:3,DOC:3
gravityforce2	452	92	other-asm	0				BMAP:26,IFF:18,S:12,RAW:10,DAT:5
gtkradiant	4276	1705	modern-c	0				H:474,CPP:397,C:169,XML:92,BMP:70
guts	1318	284	atari-coinop-MAC	51				C:115,H:95,MAC:51,DMS:3,LIS:1
habitat	5201	11655	modern-c	0				REG:3299,M:1945,BIN:1383,RDL:1042,CEL:796
hattrick-7800	67	16	other	0				SCR:13,SML:1,TTP:1
hercules	10	5	other	0				XX:2,DOC:1,MAP:1
heretic	382	84	modern-c	0				C:48,H:16,LMP:6,BAT:3,ASM:2
hexen	419	85	modern-c	0				C:56,H:19,BAT:4,ASM:2,INC:1
hexen2	2177	736	modern-c	0				HC:293,C:183,H:135,ASM:53,S:17
hitchhikersguide	249	17	infocom	0				ZIL:10,XZAP:2,Z3:1,MD:1,ERRORS:1
hitchhikersguide-gold	480	42	infocom	0				ZAP:14,ZIL:11,ZABSTR:9,MD:1,CHART:1
hollywoodhijinx	371	48	infocom	0				ZAP:19,ZIL:18,Z3:1,MD:1,TXT:1
homeworld	16900	2129	modern-c	0				H:749,C:314,MOR:145,CPP:133,SCC:110
hovertank3d	254	30	modern-c	0				C:11,H:7,ASM:6,EQU:1,DSK:1
ia-frontpage	6	2	other	0				MD:1,SH:1
indy-4	3	12	other	0				ROM:10,DOC:1
infidel	205	28	infocom	0				ZIL:20,XZAP:3,Z3:1,MD:1,STR:1
infocom-sampler	384	29	infocom	0				ZIL:15,Z3:3,ZIP:3,XZAP:2,MD:1
infocom-zcode-terps	3085	838	modern-c	0				ASM:298,SRC:83,C:47,BAT:39,EZP:24
ironseed	2368	396	other-asm	0				PNG:110,CPR:90,PAS:58,TXT:46,DTA:33
jaggedalliance2	4604	737	modern-c	0				H:370,C:332,DSP:9,CPP:3,LIB:3
jediacademypc	10152	2512	modern-c	0				CPP:685,H:651,C:269,NPC:120,MENU:97
jediacademyxbox	8820	1723	modern-c	0				CPP:595,H:510,C:216,NPC:113,SCC:91
jjffe	1304	54	modern-c	0				TXT:17,CPP:15,C:4,CFG:4,ASM:3
journey	1924	133	infocom	0				ZAP:36,ZIL:34,ZABSTR:31,SAVE:3,Z6:2
joust	149	49	other-asm	0				SRC:32,PIC:11,COM:3,DOC:2,FRM:1
joust-7800	124	1	other	0				S:1
kangaroo	50	15	other	0				ROM:12,DAT:1,DOC:1
keen	439	65	modern-c	0				C:20,H:19,KDR:11,ASM:5,EQU:2
kelly-slaters-pro-surfer	5388	1638	modern-c	0				H:732,CPP:503,C:108,TXT:33,PSH:30
kings-quest-3	497	403	other	0				CG:124,MSG:108,H:7,AL:3,1:2
leathergoddesses	409	33	infocom	0				ZAP:14,ZIL:13,XZAP:2,Z3:1,MD:1
leathergoddesses-gold	345	21	infocom	0				ZIL:13,ZAP:4,Z5:1,MD:1,ZIP:1
leisure-suit-larry-1	1702	504	modern-c	0				CG:46,MSG:41,1:29,2:27,3:27
leisure-suit-larry-1-alt	610	563	modern-c	0				CG:48,MSG:44,1:17,2:16,3:16
leisure-suit-larry-1-vga	3323	937	other	0				SND:159,V16:131,V56:129,TEX:94,FON:70
leisure-suit-larry-2	3151	560	other-asm	0				SC:111,BAT:33,TXT:5,LST:5,FB:4
leisure-suit-larry-3	11499	326	other	0				SC:131,DRV:40,BAT:28,ZIP:15,QA:12
leisure-suit-larry-5	9176	2055	other	0				V56:343,V16:342,SND:238,SC:212,SCR:201
leisuresuitlarry	206	102	modern-c	0				CG:46,MSG:41,H:10,TXT:2,MD:1
liberator	91	24	atari-coinop-MAC	8	HLL65.MAC		yes	MAC:8,ROM:8,COM:4,DAT:1,DOC:1
liberator-2	115	29	atari-coinop-MAC	13	HLL65.MAC		yes	MAC:13,ROM:8,COM:4,DAT:1,DOC:1
lunar-lander	56	15	other	0				XX:4,1A:2,1B:2,1C:2,1D:1
lunar-lander-international	46	10	other	0				XX:3,1A:1,1B:1,1C:1,1D:1
lurkinghorror	301	32	infocom	0				ZIL:16,TXT:8,Z3:1,MD:1,CHART:1
major-havoc-dasm	253	14	other-asm	0				ASM:11,AH:2,MD:1
marathon2	889	375	modern-c	0				C:154,H:136,MAKE:14,A:8,RESOURCE:8
maze-invaders	90	17	atari-coinop-MAC	7			yes	MAC:7,LDA:5,DAT:1,DOC:1,COM:1
mechcommander2	362007	17753	modern-c	0	HLLARM.FIT			ARM:5213,TGA:2959,ASE:2947,WAV:1770,FIT:1611
micropolis	7660	985	modern-c	0				XPM:341,C:168,TCL:90,HTML:85,WAV:49
midwayvideo	3478	1023	modern-c	0				H:293,C:258,D:118,O:102,S:33
mig_src	15723	2467	modern-c	0				H:627,CPP:523,BFI:406,BMP:106,BAT:69
millipede	80	17	atari-coinop-MAC	11	HLL65F.MAC		yes	MAC:11,DAT:1,DOC:1,COM:1,LDA:1
minigolf	42	16	other	0				XX:8,ROM:3,SKH:1,DOC:1,MAP:1
minizork-1982	114	22	infocom	0				ZIL:12,XZAP:2,MID:2,Z3:1,MD:1
minizork-1987	109	20	infocom	0				ZIL:11,Z3:1,MD:1,CHART:1,ERRORS:1
minizork2-1988	209	42	infocom	0				ZAP:13,ZIL:11,ZABSTR:9,Z3:1,MD:1
missile-command	54	12	other	0			yes	XX:3,1A:1,1B:1,1C:1,1D:1
mk2	61851	0	API-ERROR	0				
monte-carlo	39	14	other	0				XX:4,ROM:2,1A:1,1B:1,1C:1
moonmist	534	46	infocom	0				ZAP:17,ZIL:15,Z3:1,MD:1,OZIL:1
mspacman-7800	148	25	other-asm	0				S:25
narc	10972	468	atari-coinop-MAC	5				ASM:90,IMG:73,BDB:42,BDD:42,BAT:22
nba-hangtime	27097	1921	other-asm	0				IMG:810,ASM:502,EQU:120,BDB:71,BDD:71
nba-jam	23415	732	other-asm	0				IMG:412,ASM:107,BDB:63,BDD:63,BAT:23
nba-jam-tournament-edition	10147	265	other-asm	0				IMG:117,ASM:54,BDB:23,BDD:23,EQU:9
nba-workproduct	166819	4424	modern-c	0				TGA:1769,LWO:915,UV:879,BNK:379,LST:143
nbajam-complete	1012	114	other-asm	0				ASM:63,DOC:28,EQU:9,BAT:7,HDR:2
nflblitz2000	117692	1290	modern-c	0				TGA:644,WMS:120,LST:79,BNK:78,WIF:77
nightdriver	15	6	other	0				RBN:2,XX:1,DIR:1,MAP:1
nnjhtrkn	73	25	other-asm	0				A65:10,SCR:9,BAT:5,TXT:1
nordandbert	390	30	infocom	0				ZIL:21,Z4:1,MD:1,CHART:1,ERRORS:1
not-mk2	2	1	other	0				MD:1
open-ice	26784	1033	modern-c	0				IMG:310,ASM:297,E:106,G:106,TBL:93
orbit-space-wars	40	11	other	0				ROM:3,1A:1,1B:1,1C:1,1D:1
oregontrail	14	2	other	0				BAS:2
pararena_2	1767	87	modern-c	0				H:36,C:36,BIN:5,R:2,TXT:1
penumbraoverture	225	134	modern-c	0				H:64,CPP:59,TXT:1,SLN:1,VCPROJ:1
pinballfantasies	181	12	other-asm	1				ASM:10,MAC:1,MD:1
planetfall	458	35	infocom	0				ZAP:11,ZIL:9,ZABSTR:6,Z3:1,MD:1
planetfall-gold	460	41	infocom	0				ZAP:11,ZIL:10,ZABSTR:7,MD:1,CHART:1
plunderedhearts	437	35	infocom	0				ZAP:13,ZIL:12,Z3:1,MD:1,PH:1
pole-position	121	161	other	0				ROM:149,DAT:4,DOC:4
police-quest-1	2061	672	other	0				CG:119,MSG:84,1:16,2:15,3:15
poolshark	19	10	other	1				RBN:4,XX:1,INS:1,MAC:1,DIR:1
pop	10	6	other	1				101:1,COM:1,DOC:1,MAC:1,MAP:1
postal	3680	659	modern-c	0				H:317,CPP:207,VCPROJ:15,ICO:10,VCXPROJ:9
princeofpersia	2789	601	other-asm	0				S:116,B:28,A:21,PAL:13,C:9
qc	10419	2269	modern-c	0				H:757,CPP:608,C:149,BMP:29,IN:28
quake	2129	657	modern-c	0				C:240,H:162,S:42,QC:34,TXT:31
quake2	693	390	modern-c	0				C:187,H:77,S:13,TXT:12,GIF:9
quake2tools	353	142	modern-c	0				C:68,H:39,MAK:4,TXT:3,DSP:2
quake3arena	3576	1475	modern-c	0				C:445,H:337,CPP:129,2BK:90,SBK:90
quaketools	1278	263	modern-c	0				H:51,C:47,QC:36,M:24,TIFF:13
quantum	78	21	other	0				ROM:14,DAT:2,DOC:2
quizshow	21	15	atari-coinop-MAC	4				MAC:4,RBN:3,SAV:2,INS:2,XX:1
raceintospace	66276	2276	modern-c	0				OGG:1014,PNG:907,H:78,CPP:72,MID:35
reconstruction-of-zzt	118	37	other	0				PAS:12,HLP:11,BAT:1,TXT:1,PY:1
red-baron	100	42	atari-coinop-MAC	13		VGAN.MAC,VGMC.MAC,VGUT.MAC		MAC:13,MAP:8,01:7,COM:4,XXX:3
restaurant	350	71	infocom	2				ZAP:21,ZABSTR:16,ZIL:11,MAC:2,Z6:1
revengeofthetitans	1365	674	other	0				JAVA:517,XML:112
revolution-x	25233	404	modern-c	0				IMG:180,ASM:86,UNI:43,H:22,EXE:12
roadkill	4366	664	modern-c	0				ASM:155,IMG:137,I:61,BDB:47,BDD:47
robotron	116	28	other-asm	0				ASM:28
robotron-7800	136	9	other	0				S82:9
rott	2796	526	modern-c	0				H:186,OBJ:114,C:110,ASM:18,TXT:14
rtcwmp	2784	544	modern-c	0				C:285,H:149,M:12,VCPROJ:8,CPP:8
rtcwsp	987	646	modern-c	0				C:315,H:212,CPP:12,M:12,VCPROJ:8
rushtherock	5430	791	modern-c	3				C:170,H:144,C,V:134,MAC,V:78,H,V:72
sci-utilities	715	7	other	0				EXE:4,ZIP:2,MD:1
seastalker	818	98	infocom	0				ZIL:18,ZAP:17,MSS:10,Z3:7,XZAP:7
sevenkingdoms	1631	492	modern-c	0				CPP:273,H:159,ASM:45,PL:6,INC:3
sherlock	1027	120	infocom	0				ZIL:27,ZAP:25,ZABSTR:19,NAM:15,WAS-MID:8
shockmac	19056	3429	modern-c	0				C:1344,H:1196,Μ:225,CC:101,Μ COPY:45
shogun	2348	124	infocom	0				ZAP:34,ZABSTR:29,ZIL:24,TXT:12,1:3
sinistar	308	282	other-asm	0				SRC:186,COM:38,EQU:13,SYM:11,SET:5
sinistar_synamax	1356	171	other-asm	0				ASM:163,BAT:2,MD:1,EQU:1
sky-diver	35	10	other	0				ROM:2,1A:1,1B:1,1C:1,1D:1
sky-raider	22	11	other	0				XX:3,ROM:3,DOC:1,MAP:1,RNO:1
smashtv	1948	242	other-asm	0				ASM:120,IMG:30,EQU:19,BDB:14,BDD:14
soccer	56	17	other	0			yes	XX:4,1A:1,1B:1,1C:1,1D:1
softporn	0	9	other	0				INC:6,PAS:2,TXT:1
sorcerer	557	45	infocom	0				ZAP:16,ZIL:14,CMP:2,XZAP:2,Z3:1
space-duel	184	71	atari-coinop-MAC	26	HLL65F.MAC	ASCVG.MAC,VGAN.MAC,VGMC.MAC,VGUTR2.MAC	yes	MAC:26,DAT:24,LDA:6,COM:6,SAV:3
space-riders	16	5	other	0				XX:1,ROM:1,DOC:1,MAP:1
spaceaceiigs	12890	166	other-asm	0				GIF:63,WAV:59,A65:5,EXE:4,PY:2
spacetrader	363	50	modern-c	0				C:27,H:9,RSRC:8,TXT:2,FRK:1
spellbreaker	442	36	infocom	0				ZIL:16,TXT:6,XZAP:2,Z3:1,MD:1
spelunky	661	4	other	0				TXT:2,GMK:2
sphinx-7800	204	21	other-asm	0				S:21
sprint-1	28	14	other	1				RBN:6,XX:2,02:1,INS:1,MAC:1
sprint-2	21	13	other	1				RBN:6,XX:2,INS:1,MAC:1,DIR:1
sprint-4	24	18	other	0				ROM:7,1A:1,1B:1,1C:1,1D:1
sprint-4-update	19	7	other	0				XX:1,1A:1,1B:1,1C:1,1D:1
sprint-8	14	7	other	0				XX:2,RBN:2,DIR:1,MAP:1
star-wars	419	124	atari-coinop-MAC	67	HLL69F.MAC	AVGROM.MAC,VGAN.MAC,VGTST.MAC,WSVGAN.MAC		MAC:67,LDA:19,DOC:12,COM:6,LNK:5
star_fighter_3do	298727	6224	modern-c	0				DATA:3219,CEL:1504,H:139,C:118,O:109
starcontrol2	1040	1038	modern-c	0				H:516,C:255,RES:53,IN:3,SH:2
starcross	192	24	infocom	0				ZIL:13,XZAP:4,Z3:1,MD:1,MSS:1
stargate	113	21	other-asm	0				SRC:21
starship	23	13	other	1				RBN:7,XX:1,DIR:1,MAP:1,INS:1
stationfall	637	28	infocom	0				ZAP:13,ZIL:10,Z3:1,MD:1,ZIP:1
subs	40	9	other	0				XX:3,1A:1,1B:1,1C:1,DOC:1
super-breakout-cocktail	17	5	other	0				XX:2,DOC:1,MAP:1
super-breakout-domestic	17	6	other	0				XX:2,ROM:1,MAP:1,DOC:1
super-breakout-european	16	4	other	0				XX:1,DOC:1,MAP:1
superbug	19	12	other	2				RBN:7,MAC:2,XX:1,DIR:1
superman	37	13	other	0				1A:1,1B:1,1F:1,1G:1,1C:1
supermario	48944	7348	modern-c	0				IDUMP:2380,RDUMP:2377,A:990,H:420,P:286
superstuntcycle-7800	252	100	other-asm	0				S:56,TXT:15,EQU:4,O:3,VCS:3
suspect	390	29	infocom	0				ZIL:16,Z3:2,ZIP:2,TXT:2,XZAP:2
suspended	206	35	infocom	0				ZIL:19,Z3:3,XZAP:3,ZIP:3,CMP:3
swars	1276	116	modern-c	0				C:52,H:13,CONF:6,IN:5,AM:4
tank-8	33	23	atari-coinop-MAC	6				PRM:6,MAC:6,PM3:3,RM1:2,RM2:1
tempest	173	41	atari-coinop-MAC	24	HLL65.MAC	ALVGUT.MAC,ANVGAN.MAC,ASCVG.MAC,VGMC.MAC	yes	MAC:24,DAT:3,COM:3,MAP:3,LDA:2
the-black-cauldron	1746	502	other	0				CG:86,MSG:79,OVL:14,COM:6,BAT:6
thecatacomb	184	17	modern-c	0				C:7,ASM:3,H:3,PRJ:1,MD:1
theoperative	5120	1026	modern-c	0				H:555,CPP:348,SCC:21,FLT:19,LIB:18
thug	3729	1415	modern-c	0				CPP:612,H:611,VSH:26,PSH:17,C:15
tornado-dos-flightsim	6781	810	other-asm	0				INC:251,ASM:165,OBJ:156,LBM:73,PT2:37
total-carnage	7250	422	other-asm	0				IMG:117,ASM:116,BDB:58,BDD:57,EQU:15
tournament-table	19	4	other	0				XX:1,DOC:1,MAP:1
trinity	845	35	infocom	0				ZIL:13,CHART:4,Z4:3,ZIP:3,TXT:3
triplehunt	22	9	other	1				RBN:3,XX:1,INS:1,MAC:1,DIR:1
trog	4154	234	other-asm	1				ASM:67,IMG:39,BAT:22,BDB:18,BDD:18
tube-chase	73	29	atari-coinop-MAC	16				MAC:16,ROM:7,DAT:1,DOC:1,COM:1
txtelite	9	1	other	0				C:1
ucb-csrg-bsd	311809	14039	atari-coinop-MAC	13	ASHLL.C			C:5403,H:1770,S:704,1:347,3:335
ufo	14	3	other	0				DOC:1,XX:1
ultra-tank	20	9	other	0				ROM:5,XX:1,DOC:1,MAP:1
video-pinball	26	12	other	0				ROM:3,1A:1,1B:1,1C:1,1D:1
warlords	60	25	atari-coinop-MAC	12	HLL65.MAC			MAC:12,01:9,COM:1,DOC:1,MAP:1
williams-soundroms	21	5	other-asm	0				SRC:4,MD:1
winfile	1795	229	modern-c	0				RC:51,H:37,C:32,CPP:19,PNG:18
wishbringer	317	38	infocom	0				ZIL:23,Z3:2,TXT:2,ZIP:2,MD:1
wishbringer-gold	176	25	infocom	0				ZIL:24,MD:1
witness	514	65	infocom	0				ZAP:13,ZIL:13,MSS:7,Z3:6,ZIP:6
wolf-pack	18	11	other	0				ROM:7,XX:1,DOC:1,MAP:1
wolf3d	1084	116	modern-c	0				H:44,C:26,ASM:10,EQU:9,EXE:4
wolf3dbrowser	202	33	other	0				JS:27,TXT:2,HTML:2,CSS:1
wolf3dios	18009	1575	modern-c	0				5551:625,H:202,C:194,HTML:86,TGA:75
worms	2062	7	other	0				ATR:2,TXT:2,MD:1,JPG:1
wwf-wrestlemania	35597	880	modern-c	0				IMG:285,ASM:255,BAT:87,H:43,EQU:33
xevious	170	90	other	0				ROM:76,DAT:5,DOC:5
xevious-7800	180	21	other-asm	0				S:21
xray	94842	27017	modern-c	0				H:8280,CPP:5146,HPP:2107,HTML:1423,C:1012
zil	50	16	other	0				2:4,18:2,MD:1,Z:1,1:1
zork	180	20	other	0				MUD:19,MD:1
zork-1	255	43	modern-c	0				C:33,H:3,MD:1,DAT:1,6:1
zork-1977-source	680	27	other	0				NBIN:5,27:2,56:2,SAVE:2,MD:1
zork-fortran	216	68	modern-c	0				FOR:33,H:24,DAT:2,F:1,ME:1
zork-german	711	73	infocom	0				ZIL:15,ZAP:13,ZABSTR:9,SCRIPT:2,ACTIONS:2
zork-mdl	284	20	other	0				MUD:19,MARKDOWN:1
zork1	250	21	infocom	0				ZIL:10,Z3:1,MD:1,CMP:1,CHART:1
zork1-gold	267	25	infocom	0				ZIL:11,TXT:2,ZIP:2,MD:1,CHART:1
zork2	360	35	infocom	0				ZAP:12,ZIL:11,DIFFS:2,Z3:1,MD:1
zork3	449	59	infocom	0				ZAP:23,ZIL:21,DIFFS:2,XZAP:2,Z3:1
zorkzero	955	81	infocom	0				ZIL:32,ZAP:28,ZABSTR:15,MD:1,ERRORS:1
